Honorific Title,First Name,Last Name,Constituency,Province / Territory,Political Affiliation,Start Date,End Date
Hon.,Jim,Abbott,Kootenay—Columbia,British Columbia,Conservative,2006-01-23 12:00:00 AM,2008-10-13 11:59:59 PM
Hon.,Diane,Ablonczy,Calgary—Nose Hill,Alberta,Conservative,2006-01-23 12:00:00 AM,2008-10-13 11:59:59 PM
,Harold,Albrecht,Kitchener—Conestoga,Ontario,Conservative,2006-01-23 12:00:00 AM,2008-10-13 11:59:59 PM
,Omar,Alghabra,Mississauga—Erindale,Ontario,Liberal,2006-01-23 12:00:00 AM,2008-10-13 11:59:59 PM
,Mike,Allen,Tobique—Mactaquac,New Brunswick,Conservative,2006-01-23 12:00:00 AM,2008-10-13 11:59:59 PM
,Dean,Allison,Niagara West—Glanbrook,Ontario,Conservative,2006-01-23 12:00:00 AM,2008-10-13 11:59:59 PM
Hon.,Rona,Ambrose,Edmonton—Spruce Grove,Alberta,Conservative,2006-01-23 12:00:00 AM,2008-10-13 11:59:59 PM
,Rob,Anders,Calgary West,Alberta,Conservative,2006-01-23 12:00:00 AM,2008-10-13 11:59:59 PM
,David,Anderson,Cypress Hills—Grasslands,Saskatchewan,Conservative,2006-01-23 12:00:00 AM,2008-10-13 11:59:59 PM
,Guy,André,Berthier—Maskinongé,Quebec,Bloc Québécois,2006-01-23 12:00:00 AM,2008-10-13 11:59:59 PM
,Charlie,Angus,Timmins—James Bay,Ontario,NDP,2006-01-23 12:00:00 AM,2008-10-13 11:59:59 PM
,André,Arthur,Portneuf—Jacques-Cartier,Quebec,Independent,2006-01-23 12:00:00 AM,2008-10-13 11:59:59 PM
,Gérard,Asselin,Manicouagan,Quebec,Bloc Québécois,2006-01-23 12:00:00 AM,2008-10-13 11:59:59 PM
,Alex,Atamanenko,British Columbia Southern Interior,British Columbia,NDP,2006-01-23 12:00:00 AM,2008-10-13 11:59:59 PM
,Claude,Bachand,Saint-Jean,Quebec,Bloc Québécois,2006-01-23 12:00:00 AM,2008-10-13 11:59:59 PM
Hon.,Larry,Bagnell,Yukon,Yukon,Liberal,2006-01-23 12:00:00 AM,2008-10-13 11:59:59 PM
Hon.,Navdeep,Bains,Mississauga—Brampton South,Ontario,Liberal,2006-01-23 12:00:00 AM,2008-10-13 11:59:59 PM
Hon.,John,Baird,Ottawa West—Nepean,Ontario,Conservative,2006-01-23 12:00:00 AM,2008-10-13 11:59:59 PM
,Vivian,Barbot,Papineau,Quebec,Bloc Québécois,2006-01-23 12:00:00 AM,2008-10-13 11:59:59 PM
Hon.,Sue,Barnes,London West,Ontario,Liberal,2006-01-23 12:00:00 AM,2008-10-13 11:59:59 PM
,Dave,Batters,Palliser,Saskatchewan,Conservative,2006-01-23 12:00:00 AM,2008-10-13 11:59:59 PM
,Colleen,Beaumier,Brampton West,Ontario,Liberal,2006-01-23 12:00:00 AM,2008-10-13 11:59:59 PM
Hon.,Mauril,Bélanger,Ottawa—Vanier,Ontario,Liberal,2006-01-23 12:00:00 AM,2008-10-13 11:59:59 PM
,Catherine,Bell,Vancouver Island North,British Columbia,NDP,2006-01-23 12:00:00 AM,2008-10-13 11:59:59 PM
,Don,Bell,North Vancouver,British Columbia,Liberal,2006-01-23 12:00:00 AM,2008-10-13 11:59:59 PM
,André,Bellavance,Richmond—Arthabaska,Quebec,Bloc Québécois,2006-01-23 12:00:00 AM,2008-10-13 11:59:59 PM
Hon.,Carolyn,Bennett,St. Paul's,Ontario,Liberal,2006-01-23 12:00:00 AM,2008-10-13 11:59:59 PM
,Leon,Benoit,Vegreville—Wainwright,Alberta,Conservative,2006-01-23 12:00:00 AM,2008-10-13 11:59:59 PM
Hon.,Maxime,Bernier,Beauce,Quebec,Conservative,2006-01-23 12:00:00 AM,2008-10-13 11:59:59 PM
Hon.,Maurizio,Bevilacqua,Vaughan,Ontario,Liberal,2006-01-23 12:00:00 AM,2008-10-13 11:59:59 PM
,Dennis,Bevington,Western Arctic,Northwest Territories,NDP,2006-01-23 12:00:00 AM,2008-10-13 11:59:59 PM
,James,Bezan,Selkirk—Interlake,Manitoba,Conservative,2006-01-23 12:00:00 AM,2008-10-13 11:59:59 PM
,Bernard,Bigras,Rosemont—La Petite-Patrie,Quebec,Bloc Québécois,2006-01-23 12:00:00 AM,2008-10-13 11:59:59 PM
,Dawn,Black,New Westminster—Coquitlam,British Columbia,NDP,2006-01-23 12:00:00 AM,2008-10-13 11:59:59 PM
Hon.,Jean-Pierre,Blackburn,Jonquière—Alma,Quebec,Conservative,2006-01-23 12:00:00 AM,2008-10-13 11:59:59 PM
Hon.,Bill,Blaikie,Elmwood—Transcona,Manitoba,NDP,2006-01-23 12:00:00 AM,2008-10-13 11:59:59 PM
,Raynald,Blais,Gaspésie—Îles-de-la-Madeleine,Quebec,Bloc Québécois,2006-01-23 12:00:00 AM,2008-10-13 11:59:59 PM
Hon.,Steven,Blaney,Lévis—Bellechasse,Quebec,Conservative,2006-01-23 12:00:00 AM,2008-10-13 11:59:59 PM
,Raymond,Bonin,Nickel Belt,Ontario,Liberal,2006-01-23 12:00:00 AM,2008-10-13 11:59:59 PM
,France,Bonsant,Compton—Stanstead,Quebec,Bloc Québécois,2006-01-23 12:00:00 AM,2008-10-13 11:59:59 PM
,Ken,Boshcoff,Thunder Bay—Rainy River,Ontario,Liberal,2006-01-23 12:00:00 AM,2008-10-13 11:59:59 PM
,Robert,Bouchard,Chicoutimi—Le Fjord,Quebec,Bloc Québécois,2006-01-23 12:00:00 AM,2008-10-13 11:59:59 PM
,Sylvie,Boucher,Beauport—Limoilou,Quebec,Conservative,2006-01-23 12:00:00 AM,2008-10-13 11:59:59 PM
,Diane,Bourgeois,Terrebonne—Blainville,Quebec,Bloc Québécois,2006-01-23 12:00:00 AM,2008-10-13 11:59:59 PM
,Garry,Breitkreuz,Yorkton—Melville,Saskatchewan,Conservative,2006-01-23 12:00:00 AM,2008-10-13 11:59:59 PM
Hon.,Scott,Brison,Kings—Hants,Nova Scotia,Liberal,2006-01-23 12:00:00 AM,2008-10-13 11:59:59 PM
,Bonnie,Brown,Oakville,Ontario,Liberal,2006-01-23 12:00:00 AM,2008-10-13 11:59:59 PM
,Gordon,Brown,Leeds—Grenville,Ontario,Conservative,2006-01-23 12:00:00 AM,2008-10-13 11:59:59 PM
,Patrick,Brown,Barrie,Ontario,Conservative,2006-01-23 12:00:00 AM,2008-10-13 11:59:59 PM
,Rod,Bruinooge,Winnipeg South,Manitoba,Conservative,2006-01-23 12:00:00 AM,2008-10-13 11:59:59 PM
,Paule,Brunelle,Trois-Rivières,Quebec,Bloc Québécois,2006-01-23 12:00:00 AM,2008-10-13 11:59:59 PM
Hon.,Gerry,Byrne,Humber—St. Barbe—Baie Verte,Newfoundland and Labrador,Liberal,2006-01-23 12:00:00 AM,2008-10-13 11:59:59 PM
,Blaine,Calkins,Wetaskiwin,Alberta,Conservative,2006-01-23 12:00:00 AM,2008-10-13 11:59:59 PM
Hon.,Ron,Cannan,Kelowna—Lake Country,British Columbia,Conservative,2006-01-23 12:00:00 AM,2008-10-13 11:59:59 PM
,John,Cannis,Scarborough Centre,Ontario,Liberal,2006-01-23 12:00:00 AM,2008-10-13 11:59:59 PM
Hon.,Lawrence,Cannon,Pontiac,Quebec,Conservative,2006-01-23 12:00:00 AM,2008-10-13 11:59:59 PM
,Serge,Cardin,Sherbrooke,Quebec,Bloc Québécois,2006-01-23 12:00:00 AM,2008-10-13 11:59:59 PM
,Colin,Carrie,Oshawa,Ontario,Conservative,2006-01-23 12:00:00 AM,2008-10-13 11:59:59 PM
,Robert,Carrier,Alfred-Pellan,Quebec,Bloc Québécois,2006-01-23 12:00:00 AM,2008-10-13 11:59:59 PM
,Bill,Casey,Cumberland—Colchester—Musquodoboit Valley,Nova Scotia,Independent,2006-01-23 12:00:00 AM,2008-10-13 11:59:59 PM
Hon.,Rick,Casson,Lethbridge,Alberta,Conservative,2006-01-23 12:00:00 AM,2008-10-13 11:59:59 PM
Hon.,Brenda,Chamberlain,Guelph,Ontario,Liberal,2006-01-23 12:00:00 AM,2008-04-07 11:59:59 PM
Hon.,Raymond,Chan,Richmond,British Columbia,Liberal,2006-01-23 12:00:00 AM,2008-10-13 11:59:59 PM
,Chris,Charlton,Hamilton Mountain,Ontario,NDP,2006-01-23 12:00:00 AM,2008-10-13 11:59:59 PM
Hon.,Michael,Chong,Wellington—Halton Hills,Ontario,Conservative,2006-01-23 12:00:00 AM,2008-10-13 11:59:59 PM
,Olivia,Chow,Trinity—Spadina,Ontario,NDP,2006-01-23 12:00:00 AM,2008-10-13 11:59:59 PM
,David,Christopherson,Hamilton Centre,Ontario,NDP,2006-01-23 12:00:00 AM,2008-10-13 11:59:59 PM
,Rob,Clarke,Desnethé—Missinippi—Churchill River,Saskatchewan,Conservative,2008-03-17 12:00:00 AM,2008-10-13 11:59:59 PM
Hon.,Tony,Clement,Parry Sound—Muskoka,Ontario,Conservative,2006-01-23 12:00:00 AM,2008-10-13 11:59:59 PM
Hon.,Denis,Coderre,Bourassa,Quebec,Liberal,2006-01-23 12:00:00 AM,2008-10-13 11:59:59 PM
,Joe,Comartin,Windsor—Tecumseh,Ontario,NDP,2006-01-23 12:00:00 AM,2008-10-13 11:59:59 PM
Hon.,Joe,Comuzzi,Thunder Bay—Superior North,Ontario,Conservative,2006-01-23 12:00:00 AM,2008-10-13 11:59:59 PM
Hon.,Irwin,Cotler,Mount Royal,Quebec,Liberal,2006-01-23 12:00:00 AM,2008-10-13 11:59:59 PM
,Paul,Crête,Montmagny—L'Islet—Kamouraska—Rivière-du-Loup,Quebec,Bloc Québécois,2006-01-23 12:00:00 AM,2008-10-13 11:59:59 PM
,Jean,Crowder,Nanaimo—Cowichan,British Columbia,NDP,2006-01-23 12:00:00 AM,2008-10-13 11:59:59 PM
,Nathan,Cullen,Skeena—Bulkley Valley,British Columbia,NDP,2006-01-23 12:00:00 AM,2008-10-13 11:59:59 PM
Hon.,Roy,Cullen,Etobicoke North,Ontario,Liberal,2006-01-23 12:00:00 AM,2008-10-13 11:59:59 PM
,John,Cummins,Delta—Richmond East,British Columbia,Conservative,2006-01-23 12:00:00 AM,2008-10-13 11:59:59 PM
,Rodger,Cuzner,Cape Breton—Canso,Nova Scotia,Liberal,2006-01-23 12:00:00 AM,2008-10-13 11:59:59 PM
,Jean-Claude,D'Amours,Madawaska—Restigouche,New Brunswick,Liberal,2006-01-23 12:00:00 AM,2008-10-13 11:59:59 PM
,Patricia,Davidson,Sarnia—Lambton,Ontario,Conservative,2006-01-23 12:00:00 AM,2008-10-13 11:59:59 PM
,Libby,Davies,Vancouver East,British Columbia,NDP,2006-01-23 12:00:00 AM,2008-10-13 11:59:59 PM
Hon.,Stockwell,Day,Okanagan—Coquihalla,British Columbia,Conservative,2006-01-23 12:00:00 AM,2008-10-13 11:59:59 PM
,Claude,DeBellefeuille,Beauharnois—Salaberry,Quebec,Bloc Québécois,2006-01-23 12:00:00 AM,2008-10-13 11:59:59 PM
,Dean,Del Mastro,Peterborough,Ontario,Conservative,2006-01-23 12:00:00 AM,2008-10-13 11:59:59 PM
,Nicole,Demers,Laval,Quebec,Bloc Québécois,2006-01-23 12:00:00 AM,2008-10-13 11:59:59 PM
,Johanne,Deschamps,Laurentides—Labelle,Quebec,Bloc Québécois,2006-01-23 12:00:00 AM,2008-10-13 11:59:59 PM
,Barry,Devolin,Haliburton—Kawartha Lakes—Brock,Ontario,Conservative,2006-01-23 12:00:00 AM,2008-10-13 11:59:59 PM
,Paul,Dewar,Ottawa Centre,Ontario,NDP,2006-01-23 12:00:00 AM,2008-10-13 11:59:59 PM
,Sukh,Dhaliwal,Newton—North Delta,British Columbia,Liberal,2006-01-23 12:00:00 AM,2008-10-13 11:59:59 PM
,Ruby,Dhalla,Brampton—Springdale,Ontario,Liberal,2006-01-23 12:00:00 AM,2008-10-13 11:59:59 PM
Hon.,Stéphane,Dion,Saint-Laurent—Cartierville,Quebec,Liberal,2006-01-23 12:00:00 AM,2008-10-13 11:59:59 PM
Hon.,Ujjal,Dosanjh,Vancouver South,British Columbia,Liberal,2006-01-23 12:00:00 AM,2008-10-13 11:59:59 PM
Hon.,Norman E.,Doyle,St. John's East,Newfoundland and Labrador,Conservative,2006-01-23 12:00:00 AM,2008-10-13 11:59:59 PM
Hon.,Ken,Dryden,York Centre,Ontario,Liberal,2006-01-23 12:00:00 AM,2008-10-13 11:59:59 PM
,Gilles,Duceppe,Laurier—Sainte-Marie,Quebec,Bloc Québécois,2006-01-23 12:00:00 AM,2008-10-13 11:59:59 PM
,Rick,Dykstra,St. Catharines,Ontario,Conservative,2006-01-23 12:00:00 AM,2008-10-13 11:59:59 PM
Hon.,Wayne,Easter,Malpeque,Prince Edward Island,Liberal,2006-01-23 12:00:00 AM,2008-10-13 11:59:59 PM
Hon.,David,Emerson,Vancouver Kingsway,British Columbia,Conservative,2006-01-23 12:00:00 AM,2008-10-13 11:59:59 PM
,Ken,Epp,Edmonton—Sherwood Park,Alberta,Conservative,2006-01-23 12:00:00 AM,2008-10-13 11:59:59 PM
Hon.,Mark,Eyking,Sydney—Victoria,Nova Scotia,Liberal,2006-01-23 12:00:00 AM,2008-10-13 11:59:59 PM
,Meili,Faille,Vaudreuil-Soulanges,Quebec,Bloc Québécois,2006-01-23 12:00:00 AM,2008-10-13 11:59:59 PM
Hon.,Ed,Fast,Abbotsford,British Columbia,Conservative,2006-01-23 12:00:00 AM,2008-10-13 11:59:59 PM
Hon.,Diane,Finley,Haldimand—Norfolk,Ontario,Conservative,2006-01-23 12:00:00 AM,2008-10-13 11:59:59 PM
,Brian,Fitzpatrick,Prince Albert,Saskatchewan,Conservative,2006-01-23 12:00:00 AM,2008-10-13 11:59:59 PM
Hon.,Jim,Flaherty,Whitby—Oshawa,Ontario,Conservative,2006-01-23 12:00:00 AM,2008-10-13 11:59:59 PM
Hon.,Steven,Fletcher,Charleswood—St. James—Assiniboia,Manitoba,Conservative,2006-01-23 12:00:00 AM,2008-10-13 11:59:59 PM
,Raymonde,Folco,Laval—Les Îles,Quebec,Liberal,2006-01-23 12:00:00 AM,2008-10-13 11:59:59 PM
Hon.,Joe,Fontana,London North Centre,Ontario,Liberal,2006-01-23 12:00:00 AM,2006-09-20 11:59:59 PM
,Carole,Freeman,Châteauguay—Saint-Constant,Quebec,Bloc Québécois,2006-01-23 12:00:00 AM,2008-10-13 11:59:59 PM
Hon.,Hedy,Fry,Vancouver Centre,British Columbia,Liberal,2006-01-23 12:00:00 AM,2008-10-13 11:59:59 PM
,Christiane,Gagnon,Québec,Quebec,Bloc Québécois,2006-01-23 12:00:00 AM,2008-10-13 11:59:59 PM
,Royal,Galipeau,Ottawa—Orléans,Ontario,Conservative,2006-01-23 12:00:00 AM,2008-10-13 11:59:59 PM
,Cheryl,Gallant,Renfrew—Nipissing—Pembroke,Ontario,Conservative,2006-01-23 12:00:00 AM,2008-10-13 11:59:59 PM
,Roger,Gaudet,Montcalm,Quebec,Bloc Québécois,2006-01-23 12:00:00 AM,2008-10-13 11:59:59 PM
,Michel,Gauthier,Roberval—Lac-Saint-Jean,Quebec,Bloc Québécois,2006-01-23 12:00:00 AM,2007-07-29 11:59:59 PM
Hon.,John,Godfrey,Don Valley West,Ontario,Liberal,2006-01-23 12:00:00 AM,2008-08-01 11:59:59 PM
,Yvon,Godin,Acadie—Bathurst,New Brunswick,NDP,2006-01-23 12:00:00 AM,2008-10-13 11:59:59 PM
,Peter,Goldring,Edmonton East,Alberta,Conservative,2006-01-23 12:00:00 AM,2008-10-13 11:59:59 PM
Hon.,Ralph,Goodale,Wascana,Saskatchewan,Liberal,2006-01-23 12:00:00 AM,2008-10-13 11:59:59 PM
Hon.,Gary,Goodyear,Cambridge,Ontario,Conservative,2006-01-23 12:00:00 AM,2008-10-13 11:59:59 PM
,Jacques,Gourde,Lotbinière—Chutes-de-la-Chaudière,Quebec,Conservative,2006-01-23 12:00:00 AM,2008-10-13 11:59:59 PM
Hon.,Bill,Graham,Toronto Centre,Ontario,Liberal,2006-01-23 12:00:00 AM,2007-07-02 11:59:59 PM
,Raymond,Gravel,Repentigny,Quebec,Bloc Québécois,2006-11-27 12:00:00 AM,2008-10-13 11:59:59 PM
,Nina,Grewal,Fleetwood—Port Kells,British Columbia,Conservative,2006-01-23 12:00:00 AM,2008-10-13 11:59:59 PM
Hon.,Albina,Guarnieri,Mississauga East—Cooksville,Ontario,Liberal,2006-01-23 12:00:00 AM,2008-10-13 11:59:59 PM
,Monique,Guay,Rivière-du-Nord,Quebec,Bloc Québécois,2006-01-23 12:00:00 AM,2008-10-13 11:59:59 PM
Hon.,Helena,Guergis,Simcoe—Grey,Ontario,Conservative,2006-01-23 12:00:00 AM,2008-10-13 11:59:59 PM
,Michel,Guimond,Montmorency—Charlevoix—Haute-Côte-Nord,Quebec,Bloc Québécois,2006-01-23 12:00:00 AM,2008-10-13 11:59:59 PM
,Martha,Hall Findlay,Willowdale,Ontario,Liberal,2008-03-17 12:00:00 AM,2008-10-13 11:59:59 PM
,Art,Hanger,Calgary Northeast,Alberta,Conservative,2006-01-23 12:00:00 AM,2008-10-13 11:59:59 PM
Right Hon.,Stephen,Harper,Calgary Southwest,Alberta,Conservative,2006-01-23 12:00:00 AM,2008-10-13 11:59:59 PM
,Richard,Harris,Cariboo—Prince George,British Columbia,Conservative,2006-01-23 12:00:00 AM,2008-10-13 11:59:59 PM
,Luc,Harvey,Louis-Hébert,Quebec,Conservative,2006-01-23 12:00:00 AM,2008-10-13 11:59:59 PM
Hon.,Laurie,Hawn,Edmonton Centre,Alberta,Conservative,2006-01-23 12:00:00 AM,2008-10-13 11:59:59 PM
Hon.,Loyola,Hearn,St. John's South—Mount Pearl,Newfoundland and Labrador,Conservative,2006-01-23 12:00:00 AM,2008-10-13 11:59:59 PM
,Russ,Hiebert,South Surrey—White Rock—Cloverdale,British Columbia,Conservative,2006-01-23 12:00:00 AM,2008-10-13 11:59:59 PM
Hon.,Jay,Hill,Prince George—Peace River,British Columbia,Conservative,2006-01-23 12:00:00 AM,2008-10-13 11:59:59 PM
,Betty,Hinton,Kamloops—Thompson—Cariboo,British Columbia,Conservative,2006-01-23 12:00:00 AM,2008-10-13 11:59:59 PM
,Mark,Holland,Ajax—Pickering,Ontario,Liberal,2006-01-23 12:00:00 AM,2008-10-13 11:59:59 PM
Hon.,Charles,Hubbard,Miramichi,New Brunswick,Liberal,2006-01-23 12:00:00 AM,2008-10-13 11:59:59 PM
Hon.,Michael,Ignatieff,Etobicoke—Lakeshore,Ontario,Liberal,2006-01-23 12:00:00 AM,2008-10-13 11:59:59 PM
,Rahim,Jaffer,Edmonton—Strathcona,Alberta,Conservative,2006-01-23 12:00:00 AM,2008-10-13 11:59:59 PM
,Brian,Jean,Fort McMurray—Athabasca,Alberta,Conservative,2006-01-23 12:00:00 AM,2008-10-13 11:59:59 PM
Hon.,Marlene,Jennings,Notre-Dame-de-Grâce—Lachine,Quebec,Liberal,2006-01-23 12:00:00 AM,2008-10-13 11:59:59 PM
,Peter,Julian,Burnaby—New Westminster,British Columbia,NDP,2006-01-23 12:00:00 AM,2008-10-13 11:59:59 PM
,Susan,Kadis,Thornhill,Ontario,Liberal,2006-01-23 12:00:00 AM,2008-10-13 11:59:59 PM
,Randy,Kamp,Pitt Meadows—Maple Ridge—Mission,British Columbia,Conservative,2006-01-23 12:00:00 AM,2008-10-13 11:59:59 PM
,Nancy,Karetak-Lindell,Nunavut,Nunavut,Liberal,2006-01-23 12:00:00 AM,2008-10-13 11:59:59 PM
Hon.,Jim,Karygiannis,Scarborough—Agincourt,Ontario,Liberal,2006-01-23 12:00:00 AM,2008-10-13 11:59:59 PM
,Gerald,Keddy,South Shore—St. Margaret's,Nova Scotia,Conservative,2006-01-23 12:00:00 AM,2008-10-13 11:59:59 PM
,Tina,Keeper,Churchill,Manitoba,Liberal,2006-01-23 12:00:00 AM,2008-10-13 11:59:59 PM
Hon.,Jason,Kenney,Calgary Southeast,Alberta,Conservative,2006-01-23 12:00:00 AM,2008-10-13 11:59:59 PM
,Wajid,Khan,Mississauga—Streetsville,Ontario,Conservative,2006-01-23 12:00:00 AM,2008-10-13 11:59:59 PM
,Ed,Komarnicki,Souris—Moose Mountain,Saskatchewan,Conservative,2006-01-23 12:00:00 AM,2008-10-13 11:59:59 PM
,Maka,Kotto,Saint-Lambert,Quebec,Bloc Québécois,2006-01-23 12:00:00 AM,2008-03-13 2:00:59 PM
,Daryl,Kramp,Prince Edward—Hastings,Ontario,Conservative,2006-01-23 12:00:00 AM,2008-10-13 11:59:59 PM
,Jean-Yves,Laforest,Saint-Maurice—Champlain,Quebec,Bloc Québécois,2006-01-23 12:00:00 AM,2008-10-13 11:59:59 PM
,Mario,Laframboise,Argenteuil—Papineau—Mirabel,Quebec,Bloc Québécois,2006-01-23 12:00:00 AM,2008-10-13 11:59:59 PM
Hon.,Mike,Lake,Edmonton—Mill Woods—Beaumont,Alberta,Conservative,2006-01-23 12:00:00 AM,2008-10-13 11:59:59 PM
,Francine,Lalonde,La Pointe-de-l'Île,Quebec,Bloc Québécois,2006-01-23 12:00:00 AM,2008-10-13 11:59:59 PM
Hon.,Jean,Lapierre,Outremont,Quebec,Liberal,2006-01-23 12:00:00 AM,2007-01-28 12:00:00 AM
,Guy,Lauzon,Stormont—Dundas—South Glengarry,Ontario,Conservative,2006-01-23 12:00:00 AM,2008-10-13 11:59:59 PM
,Carole,Lavallée,Saint-Bruno—Saint-Hubert,Quebec,Bloc Québécois,2006-01-23 12:00:00 AM,2008-10-13 11:59:59 PM
Hon.,Jack,Layton,Toronto—Danforth,Ontario,NDP,2006-01-23 12:00:00 AM,2008-10-13 11:59:59 PM
Hon.,Denis,Lebel,Roberval—Lac-Saint-Jean,Quebec,Conservative,2007-09-17 12:00:00 AM,2008-10-13 11:59:59 PM
Hon.,Dominic,LeBlanc,Beauséjour,New Brunswick,Liberal,2006-01-23 12:00:00 AM,2008-10-13 11:59:59 PM
,Derek,Lee,Scarborough—Rouge River,Ontario,Liberal,2006-01-23 12:00:00 AM,2008-10-13 11:59:59 PM
,Marc,Lemay,Abitibi—Témiscamingue,Quebec,Bloc Québécois,2006-01-23 12:00:00 AM,2008-10-13 11:59:59 PM
,Pierre,Lemieux,Glengarry—Prescott—Russell,Ontario,Conservative,2006-01-23 12:00:00 AM,2008-10-13 11:59:59 PM
,Yves,Lessard,Chambly—Borduas,Quebec,Bloc Québécois,2006-01-23 12:00:00 AM,2008-10-13 11:59:59 PM
,Yvon,Lévesque,Abitibi—Baie-James—Nunavik—Eeyou,Quebec,Bloc Québécois,2006-01-23 12:00:00 AM,2008-10-13 11:59:59 PM
,Yvan,Loubier,Saint-Hyacinthe—Bagot,Quebec,Bloc Québécois,2006-01-23 12:00:00 AM,2007-02-21 11:59:59 PM
,Tom,Lukiwski,Regina—Lumsden—Lake Centre,Saskatchewan,Conservative,2006-01-23 12:00:00 AM,2008-10-13 11:59:59 PM
Hon.,Gary,Lunn,Saanich—Gulf Islands,British Columbia,Conservative,2006-01-23 12:00:00 AM,2008-10-13 11:59:59 PM
,James,Lunney,Nanaimo—Alberni,British Columbia,Conservative,2006-01-23 12:00:00 AM,2008-10-13 11:59:59 PM
,Marcel,Lussier,Brossard—La Prairie,Quebec,Bloc Québécois,2006-01-23 12:00:00 AM,2008-10-13 11:59:59 PM
Hon.,Lawrence,MacAulay,Cardigan,Prince Edward Island,Liberal,2006-01-23 12:00:00 AM,2008-10-13 11:59:59 PM
Hon.,Peter,MacKay,Central Nova,Nova Scotia,Conservative,2006-01-23 12:00:00 AM,2008-10-13 11:59:59 PM
,Dave,MacKenzie,Oxford,Ontario,Conservative,2006-01-23 12:00:00 AM,2008-10-13 11:59:59 PM
Hon.,Gurbax,Malhi,Bramalea—Gore—Malton,Ontario,Liberal,2006-01-23 12:00:00 AM,2008-10-13 11:59:59 PM
,Luc,Malo,Verchères—Les Patriotes,Quebec,Bloc Québécois,2006-01-23 12:00:00 AM,2008-10-13 11:59:59 PM
,John,Maloney,Welland,Ontario,Liberal,2006-01-23 12:00:00 AM,2008-10-13 11:59:59 PM
Hon.,Fabian,Manning,Avalon,Newfoundland and Labrador,Conservative,2006-01-23 12:00:00 AM,2008-10-13 11:59:59 PM
,Inky,Mark,Dauphin—Swan River—Marquette,Manitoba,Conservative,2006-01-23 12:00:00 AM,2008-10-13 11:59:59 PM
Hon.,Diane,Marleau,Sudbury,Ontario,Liberal,2006-01-23 12:00:00 AM,2008-10-13 11:59:59 PM
,Wayne,Marston,Hamilton East—Stoney Creek,Ontario,NDP,2006-01-23 12:00:00 AM,2008-10-13 11:59:59 PM
Hon.,Keith,Martin,Esquimalt—Juan de Fuca,British Columbia,Liberal,2006-01-23 12:00:00 AM,2008-10-13 11:59:59 PM
,Pat,Martin,Winnipeg Centre,Manitoba,NDP,2006-01-23 12:00:00 AM,2008-10-13 11:59:59 PM
Right Hon.,Paul,Martin,LaSalle—Émard,Quebec,Liberal,2006-01-23 12:00:00 AM,2008-10-13 11:59:59 PM
,Tony,Martin,Sault Ste. Marie,Ontario,NDP,2006-01-23 12:00:00 AM,2008-10-13 11:59:59 PM
,Brian,Masse,Windsor West,Ontario,NDP,2006-01-23 12:00:00 AM,2008-10-13 11:59:59 PM
,Irene,Mathyssen,London—Fanshawe,Ontario,NDP,2006-01-23 12:00:00 AM,2008-10-13 11:59:59 PM
,Bill,Matthews,Random—Burin—St. George's,Newfoundland and Labrador,Liberal,2006-01-23 12:00:00 AM,2008-10-13 11:59:59 PM
,Colin,Mayes,Okanagan—Shuswap,British Columbia,Conservative,2006-01-23 12:00:00 AM,2008-10-13 11:59:59 PM
Hon.,John,McCallum,Markham—Unionville,Ontario,Liberal,2006-01-23 12:00:00 AM,2008-10-13 11:59:59 PM
,Alexa,McDonough,Halifax,Nova Scotia,NDP,2006-01-23 12:00:00 AM,2008-10-13 11:59:59 PM
,David,McGuinty,Ottawa South,Ontario,Liberal,2006-01-23 12:00:00 AM,2008-10-13 11:59:59 PM
Hon.,Joe,McGuire,Egmont,Prince Edward Island,Liberal,2006-01-23 12:00:00 AM,2008-10-13 11:59:59 PM
Hon.,John,McKay,Scarborough—Guildwood,Ontario,Liberal,2006-01-23 12:00:00 AM,2008-10-13 11:59:59 PM
Hon.,Dan,McTeague,Pickering—Scarborough East,Ontario,Liberal,2006-01-23 12:00:00 AM,2008-10-13 11:59:59 PM
,Réal,Ménard,Hochelaga,Quebec,Bloc Québécois,2006-01-23 12:00:00 AM,2008-10-13 11:59:59 PM
,Serge,Ménard,Marc-Aurèle-Fortin,Quebec,Bloc Québécois,2006-01-23 12:00:00 AM,2008-10-13 11:59:59 PM
Hon.,Ted,Menzies,Macleod,Alberta,Conservative,2006-01-23 12:00:00 AM,2008-10-13 11:59:59 PM
,Gary,Merasty,Desnethé—Missinippi—Churchill River,Saskatchewan,Liberal,2006-01-23 12:00:00 AM,2007-08-31 11:59:59 PM
Hon.,Rob,Merrifield,Yellowhead,Alberta,Conservative,2006-01-23 12:00:00 AM,2008-10-13 11:59:59 PM
,Larry,Miller,Bruce—Grey—Owen Sound,Ontario,Conservative,2006-01-23 12:00:00 AM,2008-10-13 11:59:59 PM
Hon.,Peter,Milliken,Kingston and the Islands,Ontario,Liberal,2006-01-23 12:00:00 AM,2008-10-13 11:59:59 PM
,Bob,Mills,Red Deer,Alberta,Conservative,2006-01-23 12:00:00 AM,2008-10-13 11:59:59 PM
Hon.,Maria,Minna,Beaches—East York,Ontario,Liberal,2006-01-23 12:00:00 AM,2008-10-13 11:59:59 PM
Hon.,James,Moore,Port Moody—Westwood—Port Coquitlam,British Columbia,Conservative,2006-01-23 12:00:00 AM,2008-10-13 11:59:59 PM
Hon.,Rob,Moore,Fundy Royal,New Brunswick,Conservative,2006-01-23 12:00:00 AM,2008-10-13 11:59:59 PM
,Maria,Mourani,Ahuntsic,Quebec,Bloc Québécois,2006-01-23 12:00:00 AM,2008-10-13 11:59:59 PM
Hon.,Thomas,Mulcair,Outremont,Quebec,NDP,2007-09-17 12:00:00 AM,2008-10-13 11:59:59 PM
,Brian,Murphy,Moncton—Riverview—Dieppe,New Brunswick,Liberal,2006-01-23 12:00:00 AM,2008-10-13 11:59:59 PM
Hon.,Shawn,Murphy,Charlottetown,Prince Edward Island,Liberal,2006-01-23 12:00:00 AM,2008-10-13 11:59:59 PM
,Joyce,Murray,Vancouver Quadra,British Columbia,Liberal,2008-03-17 12:00:00 AM,2008-10-13 11:59:59 PM
,Richard,Nadeau,Gatineau,Quebec,Bloc Québécois,2006-01-23 12:00:00 AM,2008-10-13 11:59:59 PM
,Peggy,Nash,Parkdale—High Park,Ontario,NDP,2006-01-23 12:00:00 AM,2008-10-13 11:59:59 PM
Hon.,Anita,Neville,Winnipeg South Centre,Manitoba,Liberal,2006-01-23 12:00:00 AM,2008-10-13 11:59:59 PM
Hon.,Rob,Nicholson,Niagara Falls,Ontario,Conservative,2006-01-23 12:00:00 AM,2008-10-13 11:59:59 PM
,Rick,Norlock,Northumberland—Quinte West,Ontario,Conservative,2006-01-23 12:00:00 AM,2008-10-13 11:59:59 PM
,Deepak,Obhrai,Calgary East,Alberta,Conservative,2006-01-23 12:00:00 AM,2008-10-13 11:59:59 PM
Hon.,Gordon,O'Connor,Carleton—Mississippi Mills,Ontario,Conservative,2006-01-23 12:00:00 AM,2008-10-13 11:59:59 PM
Hon.,Bev,Oda,Durham,Ontario,Conservative,2006-01-23 12:00:00 AM,2008-10-13 11:59:59 PM
,Christian,Ouellet,Brome—Missisquoi,Quebec,Bloc Québécois,2006-01-23 12:00:00 AM,2008-10-13 11:59:59 PM
Hon.,Stephen,Owen,Vancouver Quadra,British Columbia,Liberal,2006-01-23 12:00:00 AM,2007-07-27 11:59:59 PM
,Massimo,Pacetti,Saint-Léonard—Saint-Michel,Quebec,Liberal,2006-01-23 12:00:00 AM,2008-10-13 11:59:59 PM
,Brian,Pallister,Portage—Lisgar,Manitoba,Conservative,2006-01-23 12:00:00 AM,2008-10-13 11:59:59 PM
,Pierre,Paquette,Joliette,Quebec,Bloc Québécois,2006-01-23 12:00:00 AM,2008-10-13 11:59:59 PM
Hon.,Christian,Paradis,Mégantic—L'Érable,Quebec,Conservative,2006-01-23 12:00:00 AM,2008-10-13 11:59:59 PM
,Bernard,Patry,Pierrefonds—Dollard,Quebec,Liberal,2006-01-23 12:00:00 AM,2008-10-13 11:59:59 PM
,Glen,Pearson,London North Centre,Ontario,Liberal,2006-11-27 12:00:00 AM,2008-10-13 11:59:59 PM
,Gilles-A.,Perron,Rivière-des-Mille-Îles,Quebec,Bloc Québécois,2006-01-23 12:00:00 AM,2008-10-13 11:59:59 PM
Hon.,Jim,Peterson,Willowdale,Ontario,Liberal,2006-01-23 12:00:00 AM,2007-07-12 11:59:59 PM
,Daniel,Petit,Charlesbourg—Haute-Saint-Charles,Quebec,Conservative,2006-01-23 12:00:00 AM,2008-10-13 11:59:59 PM
,Pauline,Picard,Drummond,Quebec,Bloc Québécois,2006-01-23 12:00:00 AM,2008-10-13 11:59:59 PM
,Louis,Plamondon,Bas-Richelieu—Nicolet—Bécancour,Quebec,Bloc Québécois,2006-01-23 12:00:00 AM,2008-10-13 11:59:59 PM
,Pierre,Poilievre,Nepean—Carleton,Ontario,Conservative,2006-01-23 12:00:00 AM,2008-10-13 11:59:59 PM
Hon.,Jim,Prentice,Calgary Centre-North,Alberta,Conservative,2006-01-23 12:00:00 AM,2008-10-13 11:59:59 PM
,Joe,Preston,Elgin—Middlesex—London,Ontario,Conservative,2006-01-23 12:00:00 AM,2008-10-13 11:59:59 PM
,Penny,Priddy,Surrey North,British Columbia,NDP,2006-01-23 12:00:00 AM,2008-10-13 11:59:59 PM
,Marcel,Proulx,Hull—Aylmer,Quebec,Liberal,2006-01-23 12:00:00 AM,2008-10-13 11:59:59 PM
Hon.,Bob,Rae,Toronto Centre,Ontario,Liberal,2008-03-17 12:00:00 AM,2008-10-13 11:59:59 PM
,James,Rajotte,Edmonton—Leduc,Alberta,Conservative,2006-01-23 12:00:00 AM,2008-10-13 11:59:59 PM
,Yasmin,Ratansi,Don Valley East,Ontario,Liberal,2006-01-23 12:00:00 AM,2008-10-13 11:59:59 PM
Hon.,Karen,Redman,Kitchener Centre,Ontario,Liberal,2006-01-23 12:00:00 AM,2008-10-13 11:59:59 PM
Hon.,Geoff,Regan,Halifax West,Nova Scotia,Liberal,2006-01-23 12:00:00 AM,2008-10-13 11:59:59 PM
,Scott,Reid,Lanark—Frontenac—Lennox and Addington,Ontario,Conservative,2006-01-23 12:00:00 AM,2008-10-13 11:59:59 PM
,Lee,Richardson,Calgary Centre,Alberta,Conservative,2006-01-23 12:00:00 AM,2008-10-13 11:59:59 PM
Hon.,Gerry,Ritz,Battlefords—Lloydminster,Saskatchewan,Conservative,2006-01-23 12:00:00 AM,2008-10-13 11:59:59 PM
Hon.,Lucienne,Robillard,Westmount—Ville-Marie,Quebec,Liberal,2006-01-23 12:00:00 AM,2008-01-25 11:59:59 PM
,Pablo,Rodriguez,Honoré-Mercier,Quebec,Liberal,2006-01-23 12:00:00 AM,2008-10-13 11:59:59 PM
,Anthony,Rota,Nipissing—Timiskaming,Ontario,Liberal,2006-01-23 12:00:00 AM,2008-10-13 11:59:59 PM
,Jean-Yves,Roy,Haute-Gaspésie—La Mitis—Matane—Matapédia,Quebec,Bloc Québécois,2006-01-23 12:00:00 AM,2008-10-13 11:59:59 PM
,Todd,Russell,Labrador,Newfoundland and Labrador,Liberal,2006-01-23 12:00:00 AM,2008-10-13 11:59:59 PM
,Benoît,Sauvageau,Repentigny,Quebec,Bloc Québécois,2006-01-23 12:00:00 AM,2006-08-28 11:59:59 PM
,Michael,Savage,Dartmouth—Cole Harbour,Nova Scotia,Liberal,2006-01-23 12:00:00 AM,2008-10-13 11:59:59 PM
,Denise,Savoie,Victoria,British Columbia,NDP,2006-01-23 12:00:00 AM,2008-10-13 11:59:59 PM
,Francis,Scarpaleggia,Lac-Saint-Louis,Quebec,Liberal,2006-01-23 12:00:00 AM,2008-10-13 11:59:59 PM
,Andrew,Scheer,Regina—Qu'Appelle,Saskatchewan,Conservative,2006-01-23 12:00:00 AM,2008-10-13 11:59:59 PM
,Gary,Schellenberger,Perth—Wellington,Ontario,Conservative,2006-01-23 12:00:00 AM,2008-10-13 11:59:59 PM
Hon.,Andy,Scott,Fredericton,New Brunswick,Liberal,2006-01-23 12:00:00 AM,2008-10-13 11:59:59 PM
Hon.,Judy A.,Sgro,York West,Ontario,Liberal,2006-01-23 12:00:00 AM,2008-10-13 11:59:59 PM
,Bev,Shipley,Lambton—Kent—Middlesex,Ontario,Conservative,2006-01-23 12:00:00 AM,2008-10-13 11:59:59 PM
,Bill,Siksay,Burnaby—Douglas,British Columbia,NDP,2006-01-23 12:00:00 AM,2008-10-13 11:59:59 PM
,Mario,Silva,Davenport,Ontario,Liberal,2006-01-23 12:00:00 AM,2008-10-13 11:59:59 PM
Hon.,Raymond,Simard,Saint Boniface,Manitoba,Liberal,2006-01-23 12:00:00 AM,2008-10-13 11:59:59 PM
,Scott,Simms,Bonavista—Gander—Grand Falls—Windsor,Newfoundland and Labrador,Liberal,2006-01-23 12:00:00 AM,2008-10-13 11:59:59 PM
Hon.,Carol,Skelton,Saskatoon—Rosetown—Biggar,Saskatchewan,Conservative,2006-01-23 12:00:00 AM,2008-10-13 11:59:59 PM
,Joy,Smith,Kildonan—St. Paul,Manitoba,Conservative,2006-01-23 12:00:00 AM,2008-10-13 11:59:59 PM
Hon.,Monte,Solberg,Medicine Hat,Alberta,Conservative,2006-01-23 12:00:00 AM,2008-10-13 11:59:59 PM
,Kevin,Sorenson,Crowfoot,Alberta,Conservative,2006-01-23 12:00:00 AM,2008-10-13 11:59:59 PM
,Lloyd,St. Amand,Brant,Ontario,Liberal,2006-01-23 12:00:00 AM,2008-10-13 11:59:59 PM
,Brent,St. Denis,Algoma—Manitoulin—Kapuskasing,Ontario,Liberal,2006-01-23 12:00:00 AM,2008-10-13 11:59:59 PM
,Bruce,Stanton,Simcoe North,Ontario,Conservative,2006-01-23 12:00:00 AM,2008-10-13 11:59:59 PM
,Thierry,St-Cyr,Jeanne-Le Ber,Quebec,Bloc Québécois,2006-01-23 12:00:00 AM,2008-10-13 11:59:59 PM
,Paul,Steckle,Huron—Bruce,Ontario,Liberal,2006-01-23 12:00:00 AM,2008-10-13 11:59:59 PM
,Caroline,St-Hilaire,Longueuil—Pierre-Boucher,Quebec,Bloc Québécois,2006-01-23 12:00:00 AM,2008-10-13 11:59:59 PM
,Peter,Stoffer,Sackville—Eastern Shore,Nova Scotia,NDP,2006-01-23 12:00:00 AM,2008-10-13 11:59:59 PM
,Brian,Storseth,Westlock—St. Paul,Alberta,Conservative,2006-01-23 12:00:00 AM,2008-10-13 11:59:59 PM
Hon.,Chuck,Strahl,Chilliwack—Fraser Canyon,British Columbia,Conservative,2006-01-23 12:00:00 AM,2008-10-13 11:59:59 PM
Hon.,Belinda,Stronach,Newmarket—Aurora,Ontario,Liberal,2006-01-23 12:00:00 AM,2008-10-13 11:59:59 PM
,David,Sweet,Ancaster—Dundas—Flamborough—Westdale,Ontario,Conservative,2006-01-23 12:00:00 AM,2008-10-13 11:59:59 PM
,Paul,Szabo,Mississauga South,Ontario,Liberal,2006-01-23 12:00:00 AM,2008-10-13 11:59:59 PM
Hon.,Andrew,Telegdi,Kitchener—Waterloo,Ontario,Liberal,2006-01-23 12:00:00 AM,2008-10-13 11:59:59 PM
,Lui,Temelkovski,Oak Ridges—Markham,Ontario,Liberal,2006-01-23 12:00:00 AM,2008-10-13 11:59:59 PM
,Ève-Mary Thaï,Thi Lac,Saint-Hyacinthe—Bagot,Quebec,Bloc Québécois,2007-09-17 12:00:00 AM,2008-10-13 11:59:59 PM
,Louise,Thibault,Rimouski-Neigette—Témiscouata—Les Basques,Quebec,Independent,2006-01-23 12:00:00 AM,2008-10-13 11:59:59 PM
Hon.,Robert,Thibault,West Nova,Nova Scotia,Liberal,2006-01-23 12:00:00 AM,2008-10-13 11:59:59 PM
Hon.,Greg,Thompson,New Brunswick Southwest,New Brunswick,Conservative,2006-01-23 12:00:00 AM,2008-10-13 11:59:59 PM
,Myron,Thompson,Wild Rose,Alberta,Conservative,2006-01-23 12:00:00 AM,2008-10-13 11:59:59 PM
,David,Tilson,Dufferin—Caledon,Ontario,Conservative,2006-01-23 12:00:00 AM,2008-10-13 11:59:59 PM
Hon.,Vic,Toews,Provencher,Manitoba,Conservative,2006-01-23 12:00:00 AM,2008-10-13 11:59:59 PM
,Alan,Tonks,York South—Weston,Ontario,Liberal,2006-01-23 12:00:00 AM,2008-10-13 11:59:59 PM
,Brad,Trost,Saskatoon—Humboldt,Saskatchewan,Conservative,2006-01-23 12:00:00 AM,2008-10-13 11:59:59 PM
Hon.,Garth,Turner,Halton,Ontario,Liberal,2006-01-23 12:00:00 AM,2008-10-13 11:59:59 PM
,Merv,Tweed,Brandon—Souris,Manitoba,Conservative,2006-01-23 12:00:00 AM,2008-10-13 11:59:59 PM
,Roger,Valley,Kenora,Ontario,Liberal,2006-01-23 12:00:00 AM,2008-10-13 11:59:59 PM
,Dave,Van Kesteren,Chatham-Kent—Essex,Ontario,Conservative,2006-01-23 12:00:00 AM,2008-10-13 11:59:59 PM
Hon.,Peter,Van Loan,York—Simcoe,Ontario,Conservative,2006-01-23 12:00:00 AM,2008-10-13 11:59:59 PM
,Maurice,Vellacott,Saskatoon—Wanuskewin,Saskatchewan,Conservative,2006-01-23 12:00:00 AM,2008-10-13 11:59:59 PM
Hon.,Josée,Verner,Louis-Saint-Laurent,Quebec,Conservative,2006-01-23 12:00:00 AM,2008-10-13 11:59:59 PM
,Robert,Vincent,Shefford,Quebec,Bloc Québécois,2006-01-23 12:00:00 AM,2008-10-13 11:59:59 PM
Hon.,Joseph,Volpe,Eglinton—Lawrence,Ontario,Liberal,2006-01-23 12:00:00 AM,2008-10-13 11:59:59 PM
,Mike,Wallace,Burlington,Ontario,Conservative,2006-01-23 12:00:00 AM,2008-10-13 11:59:59 PM
,Tom,Wappel,Scarborough Southwest,Ontario,Liberal,2006-01-23 12:00:00 AM,2008-10-13 11:59:59 PM
,Mark,Warawa,Langley,British Columbia,Conservative,2006-01-23 12:00:00 AM,2008-10-13 11:59:59 PM
,Chris,Warkentin,Peace River,Alberta,Conservative,2006-01-23 12:00:00 AM,2008-10-13 11:59:59 PM
,Judy,Wasylycia-Leis,Winnipeg North,Manitoba,NDP,2006-01-23 12:00:00 AM,2008-10-13 11:59:59 PM
,Jeff,Watson,Essex,Ontario,Conservative,2006-01-23 12:00:00 AM,2008-10-13 11:59:59 PM
Hon.,Bryon,Wilfert,Richmond Hill,Ontario,Liberal,2006-01-23 12:00:00 AM,2008-10-13 11:59:59 PM
,John G.,Williams,Edmonton—St. Albert,Alberta,Conservative,2006-01-23 12:00:00 AM,2008-10-13 11:59:59 PM
,Blair,Wilson,West Vancouver—Sunshine Coast—Sea to Sky Country,British Columbia,Green Party,2006-01-23 12:00:00 AM,2008-10-13 11:59:59 PM
,Borys,Wrzesnewskyj,Etobicoke Centre,Ontario,Liberal,2006-01-23 12:00:00 AM,2008-10-13 11:59:59 PM
Hon.,Lynne,Yelich,Blackstrap,Saskatchewan,Conservative,2006-01-23 12:00:00 AM,2008-10-13 11:59:59 PM
,Paul,Zed,Saint John,New Brunswick,Liberal,2006-01-23 12:00:00 AM,2008-10-13 11:59:59 PM
